{"cameraMode":{"drawMode":0,"name":"Shaded","section":"Shading Mode"},"sceneLighting":true,"audioPlay":false,"sceneViewState":{"m_AlwaysRefresh":false,"showFog":true,"showSkybox":true,"showFlares":true,"showImageEffects":true,"showParticleSystems":true,"showVisualEffectGraphs":true,"m_FxEnabled":true},"in2DMode":false,"pivot":{"x":-0.24380211532115937,"y":-0.007866928353905678,"z":-6.991419792175293},"rotation":{"x":0.04706093668937683,"y":-0.7911092638969421,"z":0.06134985759854317,"w":0.6067850589752197},"size":0.08802908658981323,"orthographic":false}