{"cameraMode":{"drawMode":0,"name":"Shaded","section":"Shading Mode"},"sceneLighting":true,"audioPlay":false,"sceneViewState":{"m_AlwaysRefresh":false,"showFog":true,"showSkybox":true,"showFlares":true,"showImageEffects":true,"showParticleSystems":true,"showVisualEffectGraphs":true,"m_FxEnabled":true},"in2DMode":false,"pivot":{"x":-0.3452273905277252,"y":-0.037731900811195376,"z":-6.8850202560424809},"rotation":{"x":0.12163195759057999,"y":-0.7148967981338501,"z":0.1285354048013687,"w":0.6764816641807556},"size":0.18101908266544343,"orthographic":false}